id,text,created_at,lang,author_id,conversation_id,source,possibly_sensitive,retweet_count,reply_count,like_count,quote_count,hashtags,mentions,urls
1898451689058828407,"RT @RippleXrpie: Wait until you hear the news about #XRP. 

XRP IS KING! üëë",2025-03-08 19:12:08+00:00,en,1897610079899119616,1898451689058828407,,False,263,0,0,0,,['RippleXrpie'],
1898451686525436267,"RT @cocoroxrp: A community member just paid for trending. 

Cocoro on XRP ecosystem is eying for moon already.

https://t.co/40LZlvgkAw htt‚Ä¶",2025-03-08 19:12:08+00:00,en,1868265419825618944,1898451686525436267,,False,5,0,0,0,,['cocoroxrp'],
1898451685426499750,"üöÄ#Prease
ca:
ALQZVm571QPmxBaeViWgQJuUEU4so9zd7Y22LboHpump
Entry : 50.5K mkt cap &gt;&gt;&gt; 131K mkt cap
Total Profit : 2.6X

TG Chanel: https://t.co/fllNEagFLV
#Crypto #Solana #TRUMP #Raydium #MemeCoin #100xGem #DYOR $BTC $ETH $XRP $SOL $BNB $DOGE $ADA $TRX $LINK $AVAX $SUI $WBTC $XLM https://t.co/5eH9jBzezX",2025-03-08 19:12:07+00:00,in,1707766489875709952,1898451685426499750,,False,0,0,0,0,,,
1898451684025831647,RT @Shockwave_App: Gold key $XRP nfa https://t.co/cWuOC7KT4m,2025-03-08 19:12:07+00:00,en,1766485224769118208,1898451684025831647,,False,177,0,0,0,,['Shockwave_App'],
1898451677771866578,@nietzbux Utility was only a bad word from shilling #memecoin scammers and yall sold your good shit and fell for it.  You could have bought $XRP at 29 cents not too long ago instead of that rugged memecoin this clueless fucks are trying to rob you on.,2025-03-08 19:12:06+00:00,en,1093339762038054912,1898128542832943308,,False,0,0,0,0,,['nietzbux'],
1898451676417474979,@SteaknShake and xrp,2025-03-08 19:12:05+00:00,nl,1042680398,1898115490368872745,,False,0,0,0,0,,['SteaknShake'],
1898451673145844079,"RT @_Crypto_Barbie: ‚û°Ô∏è#XRP-Ledger Volume is increasing on a daily basis.

ü§ñWith AI accelerating progress in ways we couldn‚Äôt imagine, we‚Äôre‚Ä¶",2025-03-08 19:12:05+00:00,en,717330908005568512,1898451673145844079,,False,30,0,0,0,,['_Crypto_Barbie'],
1898451665239396856,#XRP: Investigating changes. $xrp #Trump https://t.co/3tw5whaFKW,2025-03-08 19:12:03+00:00,in,81351615,1898451665239396856,,False,0,0,0,0,,,
1898451664874393697,"#CryptoPumpüöÄ

Make 150-250% within MINUTES! üìà

üéÅLearn more: https://t.co/DHtUNO5hAX

5Z3ot2vJ @arhto0t @JonINPARIS @Toshal30561160 @StelekaDlozi @joy_yogarasa @milkaizum @n_zzz_ROM @birkripto2 @saheem_official @Mongton1414 @xrp_soldier28",2025-03-08 19:12:03+00:00,en,1898128360880193536,1898451664874393697,,False,0,0,0,0,,"['arhto0t', 'JonINPARIS', 'Toshal30561160', 'StelekaDlozi', 'joy_yogarasa', 'milkaizum', 'n_zzz_ROM', 'birkripto2', 'saheem_official', 'Mongton1414', 'xrp_soldier28']",
1898451663725228511,"RT @TheCryptoSquire: If you're with $XRP, you're with the future. üåç https://t.co/VNa69vwLT0",2025-03-08 19:12:02+00:00,en,1898450160516247552,1898451663725228511,,False,546,0,0,0,,['TheCryptoSquire'],
1898451662328754516,RT @Xaif_Crypto: IS THERE ANYONE WITH A STRONG HAND WHO HASN‚ÄôT SOLD A SINGLE #XRP?  üò§üò§ #Crypto https://t.co/I1qDCVYO6K,2025-03-08 19:12:02+00:00,en,1619588224657285121,1898451662328754516,,True,36,0,0,0,,['Xaif_Crypto'],
1898451662278467598,"RT @_Crypto_Barbie: üö® BREAKING:

VOLATILITY SHARES FILES 3 SPOT #XRP ETFs: 

XRP ETF, 2x XRP ETF &amp; -1x XRP ETF! üìà https://t.co/btK13iOaUZ",2025-03-08 19:12:02+00:00,nl,1812515235120734208,1898451662278467598,,False,270,0,0,0,,['_Crypto_Barbie'],
1898451658495148482,"üöÄ#Prease
ca:
ALQZVm571QPmxBaeViWgQJuUEU4so9zd7Y22LboHpump
Entry : 50.5K mkt cap &gt;&gt;&gt; 131K mkt cap
Total Profit : 2.6X

TG Chanel: https://t.co/fllNEahdBt
#Crypto #Solana #TRUMP #Raydium #MemeCoin #100xGem #DYOR $BTC $ETH $XRP $SOL $BNB $DOGE $ADA $TRX $LINK $AVAX $SUI $WBTC $XLM https://t.co/5eH9jBzMpv",2025-03-08 19:12:01+00:00,in,1707766489875709952,1898451658495148482,,False,0,0,0,0,,,
1898451655785426987,"RT @amonbuy: If I sent you $5K, which coins would you buy?

1. $XRP             2. $WAN
3. $LQTY         4. $PHNIX
5. $LUNC        6. $DOGE‚Ä¶",2025-03-08 19:12:00+00:00,en,1609501573503193088,1898451655785426987,,False,17,0,0,0,,['amonbuy'],
1898451654640349564,"üî• New Updates!

#ElonMusk officially introduces the X Token.üéâ

‚ûû https://t.co/WjVJyIM6Hu

kNyRC @BillBernardo1 @UmarBakari17 @2Ground19831 @Ripple_update @browtow @ArabaSiska32554 @sametayd06an @JholsDavid @Izzy45982654 @phoe_za",2025-03-08 19:12:00+00:00,en,1880579403714793472,1898451654640349564,,False,0,0,0,0,,"['BillBernardo1', 'UmarBakari17', '2Ground19831', 'Ripple_update', 'browtow', 'ArabaSiska32554', 'sametayd06an', 'JholsDavid', 'Izzy45982654', 'phoe_za']",
1898451653776572863,Bravo! Our newest member just crushed it with +491.97% profit on $AUCTION! Ready to see results like this? Claim your 14-DAY FREE trial today!!  - https://t.co/3eESSYcM3x - Get started! $LTC $TRUMP $XRP $ADA $ONDO $ETH $USDC $SUI $SOL $BTC https://t.co/B8EW2r8Zam,2025-03-08 19:12:00+00:00,en,1837186493678505989,1898451653776572863,,False,0,0,0,0,,,
1898451651645882639,"RT @Topegld: In a Collaboration with  @CortexAI_XRPL

 PrizeüéÅ
üèÜ 10 #XRP [$25]

‚úÖTo enter
1Ô∏è‚É£Follow  @CortexAI_XRPL &amp; me
2Ô∏è‚É£RT &amp; ‚ô• this
3Ô∏è‚É£T‚Ä¶",2025-03-08 19:11:59+00:00,en,2579949047,1898451651645882639,,False,10,0,0,0,,"['Topegld', 'CortexAI_XRPL', 'CortexAI_XRPL']",
1898451651016679645,RT @2024GoldenEra: @RandomCryptoPal Every XRP holder needs to start investing into meme coins on the XRPL. Your XRP is just sitting there a‚Ä¶,2025-03-08 19:11:59+00:00,en,1855368661747531776,1898451651016679645,,False,1,0,0,0,,"['2024GoldenEra', 'RandomCryptoPal']",
1898451650865430855,@MilkRoadDaily Fun fact XRP $2.33 even after gov adoption.,2025-03-08 19:11:59+00:00,en,1689689561448787990,1818617396761915405,,False,0,0,0,0,,['MilkRoadDaily'],
1898451647594185092,"@solana @buffalu__ @tristan Buy eth,chainlink,xrp",2025-03-08 19:11:58+00:00,en,1871556782876684288,1898416952583782646,,False,0,0,0,0,,"['solana', 'buffalu__', 'tristan']",
1898451644469084618,"RT @rita1_: @itsFoxCrypto $TOTO on #XRPL will get to the moon and beyond with the next pump! 

The #XRP dog
@TERRYTOTO_XRPL https://t.co/wK‚Ä¶",2025-03-08 19:11:58+00:00,en,1841541723136147457,1898451644469084618,,False,8,0,0,0,,"['rita1_', 'itsFoxCrypto', 'TERRYTOTO_XRPL']",
1898451641524719938,üìà Market reacts positively! $XRP is gaining momentum! Get involved today! ##Ripple #TRUMP https://t.co/hwApcahLsE,2025-03-08 19:11:57+00:00,en,1828537469526048769,1898451641524719938,,False,0,0,0,0,,,
1898451640757137629,This is quite the leap into financial exploration ! https://t.co/ORzQmYfS2O,2025-03-08 19:11:57+00:00,en,1531219897,1898451640757137629,,False,0,0,0,0,,,
1898451637426909383,"RT @expert_kripto: Ba≈ükan Donald Trump, ABD‚Äôyi kripto para alanƒ±nda k√ºresel lider konumuna getirmek i√ßin bir kripto stratejik rezervi olu≈üt‚Ä¶",2025-03-08 19:11:56+00:00,tr,1864708517099077634,1898451637426909383,,False,659,0,0,0,,['expert_kripto'],
1898451637301342312,"RT @SOLOptimus69: Small 50 $XRP giveaway to start off the day!

1. Reply with addy and Repost
2. Join https://t.co/9CTPoJ5Hbe
3. Follow @Er‚Ä¶",2025-03-08 19:11:56+00:00,en,1376561182279090177,1898451637301342312,,False,134,0,0,0,,['SOLOptimus69'],
1898451636151792112,@WhiteHouse @POTUS @realDonaldTrump said one thing and did another‚Ä¶. #XRP #ADA #SOL ü´†ü´†ü´† https://t.co/xbKmtmVHXO,2025-03-08 19:11:56+00:00,en,1844116128211021824,1898446369674936755,,False,0,0,0,0,,"['WhiteHouse', 'POTUS', 'realDonaldTrump']",
1898451633568371078,RT @Dirkfromlondon: Definitely good news for #XRP if/when this happens üòØüöÄ,2025-03-08 19:11:55+00:00,en,1690946591367073792,1898451633568371078,,False,2,0,0,0,,['Dirkfromlondon'],
1898451633291374976,"RT @AbsGMCrypto: BREAKING: üá∫üá∏ PRESIDENT TRUMP EXPLAINS ‚ÄúDIGITAL ASSET STOCKPILE‚Äù WHICH WOULD INCLUDE $XRP, $SOL, $ADA &amp; ANY OTHER CRYPTO AS‚Ä¶",2025-03-08 19:11:55+00:00,en,1812515235120734208,1898451633291374976,,False,406,0,0,0,,['AbsGMCrypto'],
1898451630493941798,RT @VALELORDX: $XRP I just realized  is the new world bridge reserve currency and bitcoin is going to be tokenized &amp; traded on the XRPL alo‚Ä¶,2025-03-08 19:11:54+00:00,en,1434486964594561025,1898451630493941798,,False,3,0,0,0,,['VALELORDX'],
1898451626811134436,"@MoneyDDUp @RandomCryptoPal Fact-checking the $XRP $100,000 prediction: The Simpsons image is fake‚ÄîSeason 38, Episode 9 doesn‚Äôt exist yet, and past crypto ‚Äúpredictions‚Äù by the show (like XRP at $589) were fan-made or satirical. XRP‚Äôs price history peaks at $3.84 (2018), and even with a $2.83 price in Jan‚Ä¶ https://t.co/hVkGq1WZbC",2025-03-08 19:11:54+00:00,en,1720665183188922368,1898116948334096649,,False,0,0,0,0,,"['MoneyDDUp', 'RandomCryptoPal']",
1898451623229141417,"RT @RandomCryptoPal: THIS #XRP POST MUST GO VIRAL üö®

Let me remind you of this #XRP supporters , holders, haters ‚Ä¶ whoever you might be üòéüòéüí•‚Ä¶",2025-03-08 19:11:53+00:00,en,1617218337653620739,1898451623229141417,,False,78,0,0,0,,['RandomCryptoPal'],
1898451623200112980,"üöÄ#Prease
ca:
ALQZVm571QPmxBaeViWgQJuUEU4so9zd7Y22LboHpump
Entry : 50.5K mkt cap &gt;&gt;&gt; 131K mkt cap
Total Profit : 2.6X

TG Chanel: https://t.co/fllNEahdBt
#Crypto #Solana #TRUMP #Raydium #MemeCoin #100xGem #DYOR $BTC $ETH $XRP $SOL $BNB $DOGE $ADA $TRX $LINK $AVAX $SUI $WBTC $XLM https://t.co/5eH9jBzMpv",2025-03-08 19:11:53+00:00,in,1707766489875709952,1898451623200112980,,False,0,0,0,0,,,
1898451621715263755,"RT @stevenmarkryan: The US Golden Age has begun:

‚úÖ Safety
‚úÖ Opportunity
‚úÖ Prosperity

This turnaround will be one for the ages AND will ri‚Ä¶",2025-03-08 19:11:52+00:00,en,257536249,1898451621715263755,,False,29,0,0,0,,['stevenmarkryan'],
1898451621232673246,I might have to go with XRP https://t.co/mFYOQyhgfd,2025-03-08 19:11:52+00:00,en,1889747850327666688,1898451621232673246,,False,0,0,0,0,,,
1898451619416769020,@TheCSCrypto @NAFORaccoon XRP alwaysüíØüíØüíØ,2025-03-08 19:11:52+00:00,en,1868890933573599232,1897780810012373403,,False,0,0,0,0,,"['TheCSCrypto', 'NAFORaccoon']",
1898451619051925790,"RT @RandomCryptoPal: BOOOOM üí• üí•üí•üí•

#XRP hints about SEC case ending, USA Strategic #XRP Reserve, #XRP ETFs

Brad Garlinghouse the CEO of #R‚Ä¶",2025-03-08 19:11:52+00:00,en,717330908005568512,1898451619051925790,,False,21,0,0,0,,['RandomCryptoPal'],
1898451615495147696,"RT @RippleXrpie: Brad Garlinghouse, the CEO of @Ripple, is seated alongside Mr. President, representing the best digital asset ever created‚Ä¶",2025-03-08 19:11:51+00:00,en,1812515235120734208,1898451615495147696,,False,149,0,0,0,,"['RippleXrpie', 'Ripple']",
1898451613754233122,"Trump Mortgage collapsed in a year. Trump Steaks failed fast. His businesses went bankrupt multiple times. Can he really handle economic stability?
$BTC $ETH $BNB $SOL $XRP $USDT $ADA $DOGE $TON",2025-03-08 19:11:50+00:00,en,1690234575530684416,1898450765972230610,,False,0,1,1,0,,,
1898451612214935640,"RT @stopvaccinating: Tony has a voice. COVID vaccines damaged so many adults that the adults are speaking out. A wake up call.

Ripple back‚Ä¶",2025-03-08 19:11:50+00:00,en,1844726065077309449,1898451612214935640,,False,265,0,0,0,,['stopvaccinating'],
1898451608976900270,"RT @xrpaldia: üö® MIENTRAS TODO EL MUNDO ESTABA CENTRADO EN LA CUMBRE DE CRIPTOMONEDAS DE LA CASA BLANCA, UN CAMBIO REGULATORIO MASIVO PAS√ì D‚Ä¶",2025-03-08 19:11:49+00:00,es,1826594735823237121,1898451608976900270,,False,23,0,0,0,,['xrpaldia'],
1898451607664443872,"RT @beyond_broke: 10,000 #XRP makes you a top ~10% holder worldwide. Let that sink in. The big banks aren't telling you this because they'r‚Ä¶",2025-03-08 19:11:49+00:00,en,1812292111662030848,1898451607664443872,,False,100,0,0,0,,['beyond_broke'],
1898451606951153989,"RT @_Crypto_Barbie: WOW! üí•

#XRP CAN OVERTHROW THE PAYMENTS GIANT SWIFT! üèÜ

REMEMBER THAT RIPPLE PARTNERED WITH CHAINLINK AND CHAINLINK PAR‚Ä¶",2025-03-08 19:11:49+00:00,en,1406908318581510145,1898451606951153989,,False,147,0,0,0,,['_Crypto_Barbie'],
1898451604917068031,"RT @StizzyTradez: @Twonexcelz $DECKS
@PokeDecksNFT
Amazing team, great community, great utility  NFTs grant you access to the battle arena‚Ä¶",2025-03-08 19:11:48+00:00,en,1459498856421289985,1898451604917068031,,False,2,0,0,0,,"['StizzyTradez', 'Twonexcelz', 'PokeDecksNFT']",
1898451604493525501,"@WatcherGuru Buy eth,chainlink,xrp",2025-03-08 19:11:48+00:00,en,1871556782876684288,1898434570346692619,,False,0,0,0,0,,['WatcherGuru'],
1898451601641132463,"RT @cocoroxrp: A community member just paid for trending. 

Cocoro on XRP ecosystem is eying for moon already.

https://t.co/40LZlvgkAw htt‚Ä¶",2025-03-08 19:11:48+00:00,en,1859994057709105152,1898451601641132463,,False,5,0,0,0,,['cocoroxrp'],
1898451601418838048,"RT @RugRadio: What's new?

üîπTrump announces that the Crypto Strategic Reserve will include: BTC, ETH, XRP, SOL, &amp; ADA
üîπ White House announc‚Ä¶",2025-03-08 19:11:47+00:00,en,1857055324735205381,1898451601418838048,,False,1687,0,0,0,,['RugRadio'],
1898451600609579484,"üî• New Updates!

#ElonMusk officially introduces the X Token.üéâ

‚ûû https://t.co/Rxohnxkzr6

TOZGm @Beigy19Com @QingDadi @PatronNtaramn @Smart45Srinu @bob_roos_id @czspk @reneefu66363679 @luuta2000 @ELJAADIHAMZA1 @MSI_XRP @tolgalp",2025-03-08 19:11:47+00:00,en,1879706368858591232,1898451600609579484,,False,0,0,0,0,,"['Beigy19Com', 'QingDadi', 'PatronNtaramn', 'Smart45Srinu', 'bob_roos_id', 'czspk', 'reneefu66363679', 'luuta2000', 'ELJAADIHAMZA1', 'MSI_XRP', 'tolgalp']",
1898451598306861549,"üö®Solana went above $200 because of the meme coins that blew up, the FOMO became the driving factor of its price surging up, not Trumpüìâ. The XRPL could be amazing but the volume is too low. If you‚Äôre sitting on a shit ton of XRP, please GO PLAY WITH IT!!!! üî• 
#XRP #XRPLedger‚Ä¶ https://t.co/OzBqni0gp2",2025-03-08 19:11:47+00:00,en,1855368661747531776,1898451598306861549,,False,1,0,0,0,,,
1898451598231162925,"@lorijean333 I'm not sure if it's real, but we can look into it together! #XRP #XRPCommunity #CryptoMarket",2025-03-08 19:11:47+00:00,en,1866977339852079105,1897785536044998938,,False,0,0,0,0,,['lorijean333'],
1898451597916783077,@elerrantenomad ‚ÄùPositive ripple‚Äù as in negative for others ?,2025-03-08 19:11:47+00:00,en,1741866703737204736,1898286084246978978,,False,0,0,0,0,,['elerrantenomad'],
1898451594770849872,"RT @HacCrypteb: @MonstersCoins XRP doing its thing but $SFLOW is where the real gains are this week üöÄ

No tax no limits just pure flow Dont‚Ä¶",2025-03-08 19:11:46+00:00,en,1894637073321398276,1898451594770849872,,False,18,0,0,0,,"['HacCrypteb', 'MonstersCoins']",
1898451594053829021,"@Z_Humphries üî•üöÄüî•
#xrp #zelena",2025-03-08 19:11:46+00:00,qme,28190061,1898359330828595428,,False,0,0,0,0,,['Z_Humphries'],
1898451592741011921,@RayFuentesIO @Maserati_HQ @bgarlinghouse Early Adopter of #XRP made bank...,2025-03-08 19:11:45+00:00,en,1875388854212915200,1898429742048837969,,False,0,0,0,0,,"['RayFuentesIO', 'Maserati_HQ', 'bgarlinghouse']",
1898451590979146050,RT @FinanceBroYT: ‚ÄºÔ∏èBREAKING UPDATE ABOUT XRP: LINDA P JONES RESPONDS TO #XRP BACKING THE US DOLLAR AND THE NEWLY ANNOUNCED TRUMP XRP RESER‚Ä¶,2025-03-08 19:11:45+00:00,en,1703539690958151680,1898451590979146050,,False,429,0,0,0,,['FinanceBroYT'],
1898451586810094023,Xrp will go to the moon 1 year don't ask witch  year lol,2025-03-08 19:11:44+00:00,en,1891254301986807808,1898451586810094023,,False,0,0,0,0,,,
1898451584469680467,"RT @ismeidyfinanzas: #Ripple co founder hacked for millions of dollars as a result of LastPass bug

A forfeiture report disclosed by @zachx‚Ä¶",2025-03-08 19:11:43+00:00,en,1716092242002141184,1898451584469680467,,False,2,0,0,0,,['ismeidyfinanzas'],
1898451584100843637,RT @ChadSteingraber: Ripple ‚úÖ https://t.co/gDvuFqNjWx,2025-03-08 19:11:43+00:00,en,1812515235120734208,1898451584100843637,,False,124,0,0,0,,['ChadSteingraber'],
1898451577129549863,"#CryptoPumpüöÄ

Make 200-300% within MINUTES! üìà

üéÅWelcome: https://t.co/f8hCudxNaG

gyX2ta0h @OkeyUgwu6 @neil_briscoe2 @eitamatxiudi @BestGif14354782 @godwin51945 @sultan__omg @EuzebiusVasco @elgazzar03 @XRP_Soldier @FOMO_CY @icytrade24",2025-03-08 19:11:42+00:00,en,1898129805234556928,1898451577129549863,,False,0,0,0,0,,"['OkeyUgwu6', 'neil_briscoe2', 'eitamatxiudi', 'BestGif14354782', 'godwin51945', 'sultan__omg', 'EuzebiusVasco', 'elgazzar03', 'XRP_Soldier', 'FOMO_CY', 'icytrade24']",
1898451574256476580,"#CryptoPumpüöÄ

Make 200-300% within MINUTES! üìà

üéÅWelcome: https://t.co/pjz69FDT77

pJFRfi1T @IRterron @0iyD198GHc8zJPN @PaulSar25534030 @sharonmitc20771 @HA50339557 @LembergVlodko @KhenjeVinc14725 @Afnan92152686 @catakonur @Suatkomutan @nana_xrp",2025-03-08 19:11:41+00:00,en,1898122778563551232,1898451574256476580,,False,0,0,0,0,,"['IRterron', '0iyD198GHc8zJPN', 'PaulSar25534030', 'sharonmitc20771', 'HA50339557', 'LembergVlodko', 'KhenjeVinc14725', 'Afnan92152686', 'catakonur', 'Suatkomutan', 'nana_xrp']",
1898451573778325862,RT @tolga_3401: $ACH 100B arzƒ± olan XRP ye 2.34 $ verip 10$ olmasƒ±nƒ± beklersiniz fakat 10B arzƒ± olan ve fiyatƒ± 0.026$ olan ACH ‚Äòƒ±n 1$ olaca‚Ä¶,2025-03-08 19:11:41+00:00,tr,1893118411859013632,1898451573778325862,,False,3,0,0,0,,['tolga_3401'],
1898451569059799067,"RT @TearsOfMaxi: @midifiles4 @TheCSCrypto @NAFORaccoon @BTCMaxiTears They are Maxi mate , They will burst into tears soon , $XRP will explo‚Ä¶",2025-03-08 19:11:40+00:00,en,1523143133059600385,1898451569059799067,,False,1,0,0,0,,"['TearsOfMaxi', 'midifiles4', 'TheCSCrypto', 'NAFORaccoon', 'BTCMaxiTears']",
1898451563850715311,"RT @XRP_Avengers: Just Retweet if you believe #XRP will make you a Millionaire üî•üî•üî•

$XRP üöÄ https://t.co/lAuiu1lPVY",2025-03-08 19:11:39+00:00,en,561649826,1898451563850715311,,False,507,0,0,0,,['XRP_Avengers'],
1898451555205955594,RT @Shockwave_App: Gold key $XRP nfa https://t.co/cWuOC7KT4m,2025-03-08 19:11:36+00:00,en,1731089376522764288,1898451555205955594,,False,177,0,0,0,,['Shockwave_App'],
1898451552026968417,RT @DropCoinXRPL: @RippleXrpie @Ripple Good news. $DROP is about to BOOM. XRP memes linked to the price of XRP. Don‚Äôt miss out.,2025-03-08 19:11:36+00:00,en,1267914304679890944,1898451552026968417,,False,1,0,0,0,,"['DropCoinXRPL', 'RippleXrpie', 'Ripple']",
1898451551976308974,"RT @mrnguyen007: I WILL BE OFFLINE UNTIL TOMORROW MORNING. AT A WEDDING PARTY NOW. 

LOVE YOU GUYS XRP HODL. STAY STRONG AND HAVE A WONDERF‚Ä¶",2025-03-08 19:11:36+00:00,en,871188539689578496,1898451551976308974,,False,15,0,0,0,,['mrnguyen007'],
1898451548801491231,RT @Prolotario1: This image of Michael Saylor should confirm everything I said about Bitcoin as üíØ % accurate. üòÑ XRP will be the basis for t‚Ä¶,2025-03-08 19:11:35+00:00,en,1463633224039550982,1898451548801491231,,False,1038,0,0,0,,['Prolotario1'],
1898451547610309081,"RT @Pi81Mall: POSSIBILITY - PI NETWORK GETTING PICKED FOR THE U.S. CRYPTO RESERVE FUND!

üö®BREAKING: Crypto mogul David Sacks says the ONLY‚Ä¶",2025-03-08 19:11:35+00:00,en,1823343600488546304,1898451547610309081,,False,788,0,0,0,,['Pi81Mall'],
1898451546612097489,"RT @beyond_broke: 10,000 #XRP makes you a top ~10% holder worldwide. Let that sink in. The big banks aren't telling you this because they'r‚Ä¶",2025-03-08 19:11:34+00:00,en,868542780536221696,1898451546612097489,,False,100,0,0,0,,['beyond_broke'],
1898451542585589880,"RT @RippleXrpie: üö®BREAKING: Pro #XRP lawyer - Fred Rispoli says: ‚Äú@Ripple vs. SEC lawsuit may end with a $125M fine, with response due by A‚Ä¶",2025-03-08 19:11:33+00:00,en,1267914304679890944,1898451542585589880,,False,35,0,0,0,,"['RippleXrpie', 'Ripple']",
1898451540031201732,"RT @RippleXrpie: üö®BREAKING: Pro #XRP lawyer - Fred Rispoli says: ‚Äú@Ripple vs. SEC lawsuit may end with a $125M fine, with response due by A‚Ä¶",2025-03-08 19:11:33+00:00,en,55061537,1898451540031201732,,False,35,0,0,0,,"['RippleXrpie', 'Ripple']",
1898451537178849438,"Look at this chart if anyone has a doubt if we in a bear market üìâ I want to buy as it‚Äôs down that much I really do! I Want to start buying but think will put a tight stop loss as it‚Äôs risky business it really is 
$RAY $SOL $ETH $XRP $LINK $VRA $BTC $VELO $ADA $TON https://t.co/F1fTZJqw7K",2025-03-08 19:11:32+00:00,en,1384952769828868104,1898451537178849438,,False,0,0,0,0,,,
1898451536268914991,"üöÄ#Prease
ca:
ALQZVm571QPmxBaeViWgQJuUEU4so9zd7Y22LboHpump
Entry : 50.5K mkt cap &gt;&gt;&gt; 131K mkt cap
Total Profit : 2.6X

TG Chanel: https://t.co/Ry5sIuY7lb
#Crypto #Solana #TRUMP #Raydium #MemeCoin #100xGem #DYOR $BTC $ETH $XRP $SOL $BNB $DOGE $ADA $TRX $LINK $AVAX $SUI $WBTC $XLM https://t.co/lp7TBDqQem",2025-03-08 19:11:32+00:00,in,1723690457841152000,1898451536268914991,,False,0,0,1,0,,,
1898451536151245084,"RT @Bitforcoinz: LET'S GOOOOOOOOOOOOOOOOO!!üî•

#XRP WILL BRIDGE ALL THE MONEY.
DESIGNED TO SEND MONEY FROM A TO B FAST, GREEN AND AT NEARLY‚Ä¶",2025-03-08 19:11:32+00:00,en,1638277005761298433,1898451536151245084,,False,363,0,0,0,,['Bitforcoinz'],
1898451533974425818,"RT @Bitforcoinz: LET'S GOOOOOOOOOOOOOOOOO!!üî•

#XRP WILL BRIDGE ALL THE MONEY.
DESIGNED TO SEND MONEY FROM A TO B FAST, GREEN AND AT NEARLY‚Ä¶",2025-03-08 19:11:31+00:00,en,2784562998,1898451533974425818,,False,363,0,0,0,,['Bitforcoinz'],
1898451533844594739,@TheCSCrypto @JasonPLowery Shit we went from 2-3 mins to seconds. Bitcoin at like 8-10 mins that graph is a joke. The future is XRP. https://t.co/aX20iYP8HO,2025-03-08 19:11:31+00:00,en,1864569707346710530,1898190838447882642,,False,0,0,0,0,,"['TheCSCrypto', 'JasonPLowery']",
1898451532380623035,@mrnguyen007 Caroline the Queen of the xrp,2025-03-08 19:11:31+00:00,en,1884334311748558854,1898420753445621912,,False,0,0,1,0,,['mrnguyen007'],
1898451531705315634,"RT @MindAIAGENT: Top 10 Trending Tokens by Mentions Today, March 8:

1/ $BTC
2/ $SOL
3/ $ETH
4/ $XRP
5/ $PALM
6/ $ADA
7/ $ONDO
8/ $KNDX
9/‚Ä¶",2025-03-08 19:11:31+00:00,en,1840063866119520256,1898451531705315634,,False,0,0,0,0,,['MindAIAGENT'],
1898451528715018707,"üöÄ#Prease
ca:
ALQZVm571QPmxBaeViWgQJuUEU4so9zd7Y22LboHpump
Entry : 50.5K mkt cap &gt;&gt;&gt; 131K mkt cap
Total Profit : 2.6X

TG Chanel: https://t.co/fllNEahdBt
#Crypto #Solana #TRUMP #Raydium #MemeCoin #100xGem #DYOR $BTC $ETH $XRP $SOL $BNB $DOGE $ADA $TRX $LINK $AVAX $SUI $WBTC $XLM https://t.co/Lww53QK6Tb",2025-03-08 19:11:30+00:00,in,1707766489875709952,1898451528715018707,,False,0,0,1,2,,,
1898451521345335351,@coinmamba @davidsacks47 Sounds like something a XRP holder would say,2025-03-08 19:11:28+00:00,en,371396116,1898451083493810513,,False,0,0,0,0,,"['coinmamba', 'davidsacks47']",
1898451521185911136,"Wie wird die OCC Crypto Rule dem Ripple Coin helfen?
 https://t.co/IqgDoSO0h6",2025-03-08 19:11:28+00:00,de,1881757118656602112,1898451521185911136,,False,0,0,0,0,,,
1898451518044655788,"RT @BaronDominus: As promised,
I want to change someone's life and send 10,000 $XRP (~$21,000) to one person by tomorrow. 

Just like, retw‚Ä¶",2025-03-08 19:11:28+00:00,en,1871993859594756096,1898451518044655788,,False,794,0,0,0,,['BaronDominus'],
1898451517943742932,"@CryptoTony__ Buy eth,chainlink,xrp",2025-03-08 19:11:28+00:00,en,1871556782876684288,1898410382034883048,,False,0,0,0,0,,['CryptoTony__'],
1898451517809868891,"ÿÆÿ∑ÿßÿ®Ÿá

ÿßŸÑŸÖÿØŸäŸÜŸá: ÿ¨ÿØÿ©
ÿßŸÑŸÇÿ®ŸäŸÑŸá:ŸÖŸÜ ŸÇÿ®ÿßŸäŸÑ ÿßŸÑÿ≠ÿ¨ÿßÿ≤
ÿßŸÑÿπŸÖÿ±:25
ÿßŸÑÿ∑ŸàŸÑ:179
ÿßŸÑŸàÿ≤ŸÜ:84
ÿßŸÑŸàÿ∏ŸäŸÅÿ©: ÿ¨ÿßÿ±Ÿä ÿßŸÑÿ®ÿ≠ÿ´
ŸÑŸàŸÜ ÿßŸÑÿ®ÿ¥ÿ±Ÿá: ÿßÿ≥ŸÖÿ±
ÿßŸÑÿ≠ÿßŸÑŸá ÿßŸÑÿßÿ¨ÿ™ŸÖÿßÿπŸäŸá: ÿßÿπÿ≤ÿ®
ŸÖŸàÿßÿµŸÅÿßÿ™ŸÉ: ÿ™ŸÉŸàŸÜ ŸÇŸàŸäÿ© ÿ¥ÿÆÿµŸäŸá ŸÖÿ≥Ÿäÿ∑ÿ±Ÿá FLR  ŸÜÿ≥ŸàŸä ŸÉŸÑ ÿ¥Ÿä ÿ≥Ÿàÿß  ÿ™ŸÅŸáŸÖŸÜŸä Ÿàÿ™ŸÉŸàŸÜ ÿπÿßŸÇŸÑŸá ŸÜÿßÿ∂ÿ¨Ÿá
ÿßŸÑÿ∑ŸÑÿ®: ÿ™ŸÉŸàŸÜ ÿ®Ÿäÿ∂Ÿá ŸÖÿßŸäŸáŸÖ ÿßŸÑÿπŸÖÿ± ÿßŸà ÿßŸÑÿ¥ŸÉŸÑ ÿßŸáŸÖ ÿ¥Ÿä ŸÜŸÅÿ≥ ÿ¨ŸàŸä.",2025-03-08 19:11:28+00:00,ar,1730057771876331520,1898451517809868891,,False,0,0,0,0,,,
1898451517335613724,@gelonooz_ xrp went wong,2025-03-08 19:11:27+00:00,en,1859488172029161472,1898451403237990591,,False,0,0,0,0,,['gelonooz_'],
1898451516853223593,"RT @RippleXrpie: Would you quit your job for 100,000 #XRP? https://t.co/grRD65jqea",2025-03-08 19:11:27+00:00,en,1251315772116406272,1898451516853223593,,False,131,0,0,0,,['RippleXrpie'],
1898451515997556754,"Cryptocurrencies CEO applause and bow to trump. This is shame because Crypto is freedom and digniity. Chapeau to Satoshi Nakamoto he did not bow to Trump.
#Sui #Bitcoin #Ethereum #SOL #Solana #XRP #Ripple #Dogecoin #Crypto #ADA #summit #crypto #White #Bitcoin #Reserve #Ondo",2025-03-08 19:11:27+00:00,en,1862648365499940864,1898451515997556754,,False,0,0,1,0,,,
1898451510436278297,"RT @pettersson_usa: HBAR is a steal with only 42B in circulation and a NASDAQ ETF approval in weeks. 

Do it now before this is in the top‚Ä¶",2025-03-08 19:11:26+00:00,en,1434550039070773256,1898451510436278297,,False,25,0,0,0,,['pettersson_usa'],
1898451510000046308,"Trump had big business failures‚Äîcasinos, airlines, Trump University. If he couldn‚Äôt manage them, can he really manage an entire economy?
$BTC $ETH $BNB $SOL $XRP $USDT $ADA $DOGE $TON",2025-03-08 19:11:26+00:00,en,1690234575530684416,1898450765972230610,,False,0,1,1,0,,,
1898451509299609945,"@RippleXrpie @Ripple This news is really eye-catching! If it ends up with a $125 million fine, the impact on Ripple and the entire XRP ecosystem will be huge‚òπÔ∏è",2025-03-08 19:11:25+00:00,en,1321367118,1898446377396437354,,False,0,0,0,0,,"['RippleXrpie', 'Ripple']",
1898451507764142367,"RT @gelonooz_: 6Ô∏è‚É£ üõ°Ô∏è Investor Sentiment The recent price movements have shaken investor confidence, prompting a reevaluation of strategies‚Ä¶",2025-03-08 19:11:25+00:00,en,1349410577416921089,1898451507764142367,,False,1,0,0,0,,['gelonooz_'],
1898451505847705687,"Hey!!
We got our tickets early, but unfortunately, our work schedule won't let us make it to Sabrina Carpenter concert in NEW YORK,NY on October 25th, 26, 27, &amp; 31st @ MSG. Hit me up if you want to grab my 4x VIP FLR tickets for $164 each #sabrinacarpentertickets",2025-03-08 19:11:25+00:00,en,1843207470694506496,1898451505847705687,,False,0,0,0,0,,,
1898451500281590115,üí• Huge $XRP news! Garlinghouse &amp; #Ripple are making waves! üåä #binance #TRUMP https://t.co/gAts3X0LxK,2025-03-08 19:11:23+00:00,en,191751052,1898451500281590115,,False,0,0,0,0,,,
1898451499828547667,"RT @TheCryptoSquire: If you're with $XRP, you're with the future. üåç https://t.co/VNa69vwLT0",2025-03-08 19:11:23+00:00,en,1898449896388108288,1898451499828547667,,False,546,0,0,0,,['TheCryptoSquire'],
1898451498486382899,@Bitcoin Laugh now cry later!!!!! We will see who gets the last laugh! Even your stupid coin will run in the superb xrp ledger! Because bitcoin is slow anx has 0 utility! Only hopium. Bitcoin was the beta test you dummies!,2025-03-08 19:11:23+00:00,en,1482886819700256781,1898246945132421367,,False,0,0,1,0,,['Bitcoin'],
1898451496045359226,@QuintenFrancois There are 100s of banks using Ripple and XRP.,2025-03-08 19:11:22+00:00,en,1597304340443795456,1898369304908689656,,False,0,0,1,0,,['QuintenFrancois'],
1898451494959186076,"RT @Ripple: We have a new look in our products, on our website, and right here on social. 

We're building for the next chapter with the vi‚Ä¶",2025-03-08 19:11:22+00:00,en,339099641,1898451494959186076,,False,2109,0,0,0,,['Ripple'],
1898451494296273380,"Get free trading alerts via Telegram now!

https://t.co/sNTWgp5nO5

$SOL $UMA $TIA $TRB $XAI $SEI $LINK $XRP $BTC $ETH $BNB $ARB $MANTA $MATIC $SUI $OP $SAND $ONDO $MEME $MAGIC $MYRO $FLOW $VMINT $ONDO $WIF https://t.co/y7Au43oTnS",2025-03-08 19:11:22+00:00,en,552165976,1898451494296273380,,False,0,0,0,0,,,
1898451492144558437,"RT @DC_Draino43: üö® BREAKING: 

CRYPTO CZAR DAVID SACKS SAYS THE US GOVERNMENT‚ÄòS CRYPTO HOLDINGS WILL BE AUDITED ""TO FIND OUT WHAT DIGITAL A‚Ä¶",2025-03-08 19:11:21+00:00,en,1349410577416921089,1898451492144558437,,False,1,0,0,0,,['DC_Draino43'],
1898451491792318662,"@801_XRP @DavidSacks Please address this
XRP was stifled &amp; ostracized from the market, by a corrupt &amp; fraudulent lawsuit that financially damaged XRP holders that gave others an unfair advantage.
XRP holders deserve compensation of no less than 10x their holdings at the time of the lawsuit filing.",2025-03-08 19:11:21+00:00,en,1674808562873253889,1898234033613558028,,False,0,0,1,0,,"['801_XRP', 'DavidSacks']",
1898451489376571858,RT @RayFuentesIO: Pulled up to a light behind a @Maserati_HQ with the plate ‚ÄúXRP WINS‚Äù üëÄüî• Had to do a double take‚Äîthought @BGarlinghouse wa‚Ä¶,2025-03-08 19:11:21+00:00,en,49553390,1898451489376571858,,False,28,0,0,0,,"['RayFuentesIO', 'Maserati_HQ', 'bgarlinghouse']",
